Commit,Model,Hardware,Recording Length (seconds),Thread,Processor Count,Load Time (ms),Sample Time (ms),Encode Time (ms),Decode Time (ms),Sample Time per Run (ms),Encode Time per Run (ms),Decode Time per Run (ms),Total Time (ms)
bb35cec,ggml-tiny.en.bin,Apple M1 Pro,11.0,4,1,43.64,13.51,53.2,47.68,0.5003703703703704,53.2,1.765925925925926,228.46
bb35cec,ggml-base.en.bin,Apple M1 Pro,11.0,4,1,65.16,11.28,94.56,69.13,0.41777777777777775,94.56,2.56037037037037,314.39
bb35cec,ggml-small.en.bin,Apple M1 Pro,11.0,4,1,164.38,12.21,252.85,174.26,0.40700000000000003,252.85,5.808666666666666,690.02
bb35cec,ggml-medium.bin,Apple M1 Pro,11.0,4,1,478.39,13.27,698.15,357.27,0.4739285714285714,698.15,13.232222222222221,1674.12
bb35cec,ggml-medium.en.bin,Apple M1 Pro,11.0,4,1,495.55,11.29,691.23,359.58,0.4181481481481481,691.23,13.317777777777778,1649.06
bb35cec,ggml-large.bin,Apple M1 Pro,11.0,4,1,941.63,11.45,1253.68,565.56,0.42407407407407405,1253.68,21.75230769230769,2945.79
