Model,Thread,Processor Count,Load Time,Sample Time,Encode Time,Decode Time,Sample Time per Run,Encode Time per Run,Decode Time per Run,Total Time
ggml-tiny.en.bin,4,1,50.08,78.1,94.62,320.86,0.4067708333333333,47.31,1.6798952879581153,593.96
ggml-base.en.bin,4,1,85.11,79.58,172.43,486.06,0.41233160621761655,86.215,2.5315625,1702.74
ggml-small.en.bin,4,1,212.96,77.66,496.48,1118.51,0.40238341968911917,248.24,5.825572916666666,1995.0
ggml-medium.en.bin,4,1,555.72,75.79,1338.75,2378.07,0.4234078212290503,669.375,13.35994382022472,4503.9
ggml-medium.bin,4,1,593.97,80.49,1334.06,2598.74,0.40857868020304566,667.03,13.326871794871794,4792.06
ggml-large.bin,4,1,1831.34,77.67,2477.62,4044.54,0.41758064516129034,1238.81,21.981195652173913,8704.82
