Model              ,Thread ,Processor Count ,Load Time ,Sample Time ,Encode Time ,Decode Time ,Sample Time per Run ,Encode Time per Run ,Decode Time per Run ,Total Time
ggml-tiny.en.bin   ,     8 ,              1 ,    56.84 ,      81.87 ,     209.76 ,     419.99 ,0.42640625000000004 ,            104.88  , 2.1874479166666667 ,    848.58
ggml-base.en.bin   ,     8 ,              1 ,    67.85 ,      79.47 ,     650.15 ,     596.36 ,0.41176165803108805 ,            325.075 , 3.0899481865284977 ,   1467.42
ggml-small.en.bin  ,     8 ,              1 ,   220.75 ,      79.45 ,    1963.24 ,    1315.18 ,0.4116580310880829  ,            981.62  , 6.81440414507772   ,   3676.38
ggml-medium.bin    ,     8 ,              1 ,   690.45 ,      82.57 ,    5707.08 ,    3084.11 ,0.41913705583756344 ,           2853.54  ,15.6553807106599    ,   9670.49
ggml-medium.en.bin ,     8 ,              1 ,   633.2  ,      75.91 ,    6410.31 ,    2730.48 ,0.4240782122905028  ,           3205.155 ,15.254078212290503  ,   9953.58
ggml-large.bin     ,     8 ,              1 ,  1488.94 ,     104.31 ,   10937.62 ,    4890.83 ,0.5608064516129032  ,           5468.81  ,26.294784946236557  ,  17576.45
